{"naive_bayes": {"accuracy": 0.8887244016777696, "report": {"0": {"precision": 0.8843803471033977, "recall": 0.8939955522609341, "f1-score": 0.889161956254608, "support": 4047.0}, "1": {"precision": 0.8931506849315068, "recall": 0.8834688346883469, "f1-score": 0.888283378746594, "support": 4059.0}, "accuracy": 0.8887244016777696, "macro avg": {"precision": 0.8887655160174524, "recall": 0.8887321934746405, "f1-score": 0.888722667500601, "support": 8106.0}, "weighted avg": {"precision": 0.888772007755297, "recall": 0.8887244016777696, "f1-score": 0.8887220171841629, "support": 8106.0}}, "confusion_matrix": [[3618, 429], [473, 3586]], "training_time": 0.12256908416748047}, "linear_svc": {"accuracy": 0.9365901801134962, "report": {"0": {"precision": 0.9399750933997509, "recall": 0.9325426241660489, "f1-score": 0.9362441081617464, "support": 4047.0}, "1": {"precision": 0.9332681495966756, "recall": 0.9406257698940625, "f1-score": 0.9369325153374233, "support": 4059.0}, "accuracy": 0.9365901801134962, "macro avg": {"precision": 0.9366216214982133, "recall": 0.9365841970300557, "f1-score": 0.9365883117495848, "support": 8106.0}, "weighted avg": {"precision": 0.9366166570690474, "recall": 0.9365901801134962, "f1-score": 0.9365888213033787, "support": 8106.0}}, "confusion_matrix": [[3774, 273], [241, 3818]], "training_time": 3.323202133178711}, "random_forest": {"accuracy": 0.8567727609178386, "report": {"0": {"precision": 0.8235426008968609, "recall": 0.9075858660736348, "f1-score": 0.8635241565769366, "support": 4047.0}, "1": {"precision": 0.8974218321448162, "recall": 0.806109879280611, "f1-score": 0.8493186242699545, "support": 4059.0}, "accuracy": 0.8567727609178386, "macro avg": {"precision": 0.8604822165208386, "recall": 0.8568478726771229, "f1-score": 0.8564213904234456, "support": 8106.0}, "weighted avg": {"precision": 0.8605369013700228, "recall": 0.8567727609178386, "f1-score": 0.8564108755956832, "support": 8106.0}}, "confusion_matrix": [[3673, 374], [787, 3272]], "training_time": 4.018364191055298}}